CALENDAR YEAR,AIRPORT NAME,AIRPORT CODE (ICAO),AIRPORT CODE (IATA),"136,000kg","7,000kg to 136,000kg","Under 7,000kg",Helicopter,Unknown Weight,Military,Total,Total Strikes (ATSB),Total Strikes (Avisure),Corrected LA Mvts,HA Mvts excl. Rotary Wing,Corrected RPT Eqv Mvts,Strikes/10000 RPT Eqv (excl. Rotary Wing),10000 Movements,Strikes/10000 Movements,"10,000 RPT's",HA Movements,% HA Movements
2000,ADELAIDE,YPAD,ADL,"2,236","61,866","42,284","4,876",72,"1,220","112,554",30,,2647.2500,65322.0000,67969.25,4.41,11.26,2.67,6.41,"65,322",58%
2000,ALBURY,YMAY,ABX,0,"10,046","23,562",258,62,346,"34,274",4,,1476.5000,10392.0000,11868.50,3.37,3.43,1.17,1.00,"10,392",30%
2000,ALICE SPRINGS,YBAS,ASP,8,"12,316","18,818","1,026",196,364,"32,728",23,,1188.3750,12688.0000,13876.38,16.57,3.27,7.03,1.23,"12,688",39%
2000,ARCHERFIELD,YBAF,no code,0,124,"169,100","12,132",426,900,"182,682",5,,10595.3750,1024.0000,11619.38,4.30,18.27,0.27,0.01,"1,024",1%
2000,BANKSTOWN,YSBK,BWU,2,"1,630","268,586","27,284",694,602,"298,798",2,,16830.0000,2234.0000,19064.00,1.05,29.88,0.07,0.16,"2,234",1%
2000,BRISBANE,YBBN,BNE,"24,970","117,284","24,960",978,402,604,"169,198",46,,1585.1250,142858.0000,144443.13,3.18,16.92,2.72,14.23,"142,858",84%
2000,CAIRNS,YBCS,CNS,"7,892","29,526","61,008","7,580",198,418,"106,622",33,,3825.3750,37836.0000,41661.38,7.92,10.66,3.10,3.74,"37,836",35%
2000,CAMBRIDGE,YCBG,no code,0,0,"26,644","1,340",32,8,"28,024",0,,1667.2500,8.0000,1675.25,0.00,2.80,0.00,0.00,8,0%
2000,CAMDEN,YSCN,CDU,0,238,"79,876","2,718",178,110,"83,120",2,,5003.3750,348.0000,5351.38,3.74,8.31,0.24,0.02,348,0%
2000,CANBERRA,YSCB,CBR,18,"45,436","47,996","7,150",488,"28,282","129,370",21,,3030.2500,73736.0000,76766.25,2.74,12.94,1.62,4.55,"73,736",57%
2000,COFFS HARBOUR,YCFS,CFS,0,"13,438","24,262",766,50,400,"38,916",11,,1519.5000,13838.0000,15357.50,7.16,3.89,2.83,1.34,"13,838",36%
2000,DARWIN,YPDN,DRW,"2,484","21,012","60,202","4,708","1,060","8,330","97,796",30,,3828.8750,31826.0000,35654.88,8.41,9.78,3.07,2.35,"31,826",33%
2000,ESSENDON,YMEN,MEB,0,"2,300","56,164","8,140",158,178,"66,940",2,,3520.1250,2478.0000,5998.13,3.33,6.69,0.30,0.23,"2,478",4%
2000,GOLD COAST,YBCG,OOL,"4,854","15,916","46,724","21,314",148,232,"89,188",11,,2929.5000,21002.0000,23931.50,4.60,8.92,1.23,2.08,"21,002",24%
2000,HAMILTON ISLAND,YBHM,HTI,266,"3,348","13,908","4,114",64,80,"21,780",2,,873.2500,3694.0000,4567.25,4.38,2.18,0.92,0.36,"3,694",17%
2000,HOBART,YMHB,HBA,86,"12,414","2,052",706,50,454,"15,762",5,,131.3750,12954.0000,13085.38,3.82,1.58,3.17,1.25,"12,954",82%
2000,JANDAKOT,YPJT,JAD,0,44,"255,734","9,606",232,84,"265,700",6,,15997.8750,128.0000,16125.88,3.72,26.57,0.23,0.00,128,0%
2000,LAUNCESTON,YMLT,LST,10,"10,932","15,008",184,44,206,"26,384",2,,940.7500,11148.0000,12088.75,1.65,2.64,0.76,1.09,"11,148",42%
2000,MACKAY,YBMK,MKY,0,"10,498","24,974","2,922",32,294,"38,720",4,,1562.8750,10792.0000,12354.88,3.24,3.87,1.03,1.05,"10,792",28%
2000,MELBOURNE,YMML,MEL,"48,088","119,398","6,078",318,242,338,"174,462",41,,395.0000,167824.0000,168219.00,2.44,17.45,2.35,16.75,"167,824",96%
2000,MOORABBIN,YMMB,MBW,0,66,"228,922","27,446",154,56,"256,644",5,,14317.2500,122.0000,14439.25,3.46,25.66,0.19,0.01,122,0%
2000,PARAFIELD,YPPF,no code,0,44,"157,736",408,34,46,"158,268",10,,9860.6250,90.0000,9950.63,10.05,15.83,0.63,0.00,90,0%
2000,PERTH,YPPH,PER,"13,838","55,316","31,922","1,534",150,438,"103,198",27,,2004.5000,69592.0000,71596.50,3.77,10.32,2.62,6.92,"69,592",67%
2000,ROCKHAMPTON,YBRK,ROK,82,"10,450","22,018",982,172,"1,164","34,868",15,,1386.8750,11696.0000,13082.88,11.47,3.49,4.30,1.05,"11,696",34%
2000,SUNSHINE COAST,YBMC,MCY,0,"6,054","36,674","40,540",132,414,"83,814",0,,2300.3750,6468.0000,8768.38,0.00,8.38,0.00,0.61,"6,468",8%
2000,SYDNEY,YSSY,SYD,"85,930","178,822","29,560","12,484",758,788,"308,342",65,,1894.8750,265540.0000,267434.88,2.43,30.83,2.11,26.48,"265,540",86%
2000,TAMWORTH,YSTW,TMW,0,"12,524","104,192",846,216,824,"118,602",2,,6525.5000,13348.0000,19873.50,1.01,11.86,0.17,1.25,"13,348",11%
2000,TOWNSVILLE,YBTL,TSV,56,"24,722","32,842","1,938",278,"9,802","69,638",31,,2070.0000,34580.0000,36650.00,8.46,6.96,4.45,2.48,"34,580",50%
2001,ADELAIDE,YPAD,ADL,"3,226","60,672","41,896","4,504",24,864,"111,186",42,,2620.0000,64762.0000,67382.00,6.23,11.12,3.78,6.39,"64,762",58%
2001,ALBURY,YMAY,ABX,0,"9,636","19,700",310,52,370,"30,068",6,,1234.5000,10006.0000,11240.50,5.34,3.01,2.00,0.96,"10,006",33%
2001,ALICE SPRINGS,YBAS,ASP,2,"10,654","18,182","1,104",288,754,"30,984",34,,1154.3750,11410.0000,12564.38,27.06,3.10,10.97,1.07,"11,410",37%
2001,ARCHERFIELD,YBAF,no code,2,26,"169,148","5,480",244,804,"175,704",1,,10587.0000,832.0000,11419.00,0.88,17.57,0.06,0.00,832,0%
2001,BANKSTOWN,YSBK,BWU,0,"1,230","304,544","24,932",520,194,"331,420",6,,19066.5000,1424.0000,20490.50,2.93,33.14,0.18,0.12,"1,424",0%
2001,BRISBANE,YBBN,BNE,"27,226","120,290","22,940",802,212,634,"172,104",39,,1447.0000,148150.0000,149597.00,2.61,17.21,2.27,14.75,"148,150",86%
2001,CAIRNS,YBCS,CNS,"7,882","25,664","60,730","8,186",160,734,"103,356",36,,3805.6250,34280.0000,38085.63,9.45,10.34,3.48,3.35,"34,280",33%
2001,CAMBRIDGE,YCBG,no code,0,0,"24,692","1,552",0,2,"26,246",1,,1543.2500,2.0000,1545.25,6.47,2.62,0.38,0.00,2,0%
2001,CAMDEN,YSCN,CDU,0,64,"71,478","1,740",322,32,"73,636",1,,4487.5000,96.0000,4583.50,2.18,7.36,0.14,0.01,96,0%
2001,CANBERRA,YSCB,CBR,30,"47,710","40,742","8,394",262,"18,824","115,962",22,,2562.7500,66564.0000,69126.75,3.18,11.60,1.90,4.77,"66,564",57%
2001,COFFS HARBOUR,YCFS,CFS,0,"11,592","28,346",994,32,356,"41,320",3,,1773.6250,11948.0000,13721.63,2.19,4.13,0.73,1.16,"11,948",29%
2001,DARWIN,YPDN,DRW,"3,040","21,592","55,340","3,138",278,"6,536","89,924",28,,3476.1250,31168.0000,34644.13,8.08,8.99,3.11,2.46,"31,168",35%
2001,ESSENDON,YMEN,MEB,0,"1,128","56,964","9,104",136,206,"67,538",6,,3568.7500,1334.0000,4902.75,12.24,6.75,0.89,0.11,"1,334",2%
2001,GOLD COAST,YBCG,OOL,"3,784","14,760","47,216","18,148",108,270,"84,286",23,,2957.7500,18814.0000,21771.75,10.56,8.43,2.73,1.85,"18,814",22%
2001,HAMILTON ISLAND,YBHM,HTI,42,"3,416","8,882","3,504",36,70,"15,950",6,,557.3750,3528.0000,4085.38,14.69,1.60,3.76,0.35,"3,528",22%
2001,HOBART,YMHB,HBA,40,"14,392","1,906","2,418",128,324,"19,208",16,,127.1250,14756.0000,14883.13,10.75,1.92,8.33,1.44,"14,756",77%
2001,JANDAKOT,YPJT,JAD,0,22,"291,662","10,924",112,164,"302,884",10,,18235.8750,186.0000,18421.88,5.43,30.29,0.33,0.00,186,0%
2001,LAUNCESTON,YMLT,LST,6,"9,420","13,278",230,14,264,"23,212",14,,830.7500,9690.0000,10520.75,13.31,2.32,6.03,0.94,"9,690",42%
2001,MACKAY,YBMK,MKY,0,"9,702","23,012","3,350",62,380,"36,506",13,,1442.1250,10082.0000,11524.13,11.28,3.65,3.56,0.97,"10,082",28%
2001,MELBOURNE,YMML,MEL,"48,126","123,844","4,826",218,128,446,"177,588",43,,309.6250,172416.0000,172725.63,2.49,17.76,2.42,17.20,"172,416",97%
2001,MOORABBIN,YMMB,MBW,4,88,"217,932","35,470",134,72,"253,700",5,,13629.1250,164.0000,13793.13,3.62,25.37,0.20,0.01,164,0%
2001,PARAFIELD,YPPF,no code,0,128,"173,868",522,64,6,"174,588",27,,10870.7500,134.0000,11004.75,24.53,17.46,1.55,0.01,134,0%
2001,PERTH,YPPH,PER,"14,074","51,602","28,910","1,334",56,420,"96,396",13,,1810.3750,66096.0000,67906.38,1.91,9.64,1.35,6.57,"66,096",69%
2001,ROCKHAMPTON,YBRK,ROK,136,"8,980","23,488","1,066",76,"2,758","36,504",14,,1472.7500,11874.0000,13346.75,10.49,3.65,3.84,0.91,"11,874",33%
2001,SUNSHINE COAST,YBMC,MCY,2,"6,414","31,916","22,310",74,358,"61,074",4,,1999.3750,6774.0000,8773.38,4.56,6.11,0.65,0.64,"6,774",11%
2001,SYDNEY,YSSY,SYD,"82,922","179,658","22,360","10,544",434,724,"296,642",52,,1424.6250,263304.0000,264728.63,1.96,29.66,1.75,26.26,"263,304",89%
2001,TAMWORTH,YSTW,TMW,0,"10,888","91,630",914,152,476,"104,060",1,,5736.3750,11364.0000,17100.38,0.58,10.41,0.10,1.09,"11,364",11%
2001,TOWNSVILLE,YBTL,TSV,134,"20,676","31,152","2,110",190,"11,302","65,564",24,,1958.8750,32112.0000,34070.88,7.04,6.56,3.66,2.08,"32,112",49%
2002,ADELAIDE,YPAD,ADL,"2,650","56,632","39,382","4,040",32,790,"103,526",33,,2463.3750,60072.0000,62535.38,5.28,10.35,3.19,5.93,"60,072",58%
2002,ALBURY,YMAY,ABX,0,"8,378","20,562",416,58,264,"29,678",6,,1288.7500,8642.0000,9930.75,6.04,2.97,2.02,0.84,"8,642",29%
2002,ALICE SPRINGS,YBAS,ASP,2,"8,402","15,762","1,200",28,278,"25,672",26,,986.8750,8682.0000,9668.88,26.89,2.57,10.13,0.84,"8,682",34%
2002,ARCHERFIELD,YBAF,no code,0,18,"132,444","2,474",188,542,"135,666",1,,8289.5000,560.0000,8849.50,1.13,13.57,0.07,0.00,560,0%
2002,BANKSTOWN,YSBK,BWU,0,"1,058","313,894","29,478",550,288,"345,268",15,,19652.7500,1346.0000,20998.75,7.14,34.53,0.43,0.11,"1,346",0%
2002,BRISBANE,YBBN,BNE,"22,028","100,364","21,830",878,166,604,"145,870",69,,1374.7500,122996.0000,124370.75,5.55,14.59,4.73,12.24,"122,996",84%
2002,CAIRNS,YBCS,CNS,"7,722","23,842","60,582","9,068",108,598,"101,920",39,,3793.1250,32162.0000,35955.13,10.85,10.19,3.83,3.16,"32,162",32%
2002,CAMBRIDGE,YCBG,no code,0,0,"28,456","1,248",10,10,"29,724",0,,1779.1250,10.0000,1789.13,0.00,2.97,0.00,0.00,10,0%
2002,CAMDEN,YSCN,CDU,0,108,"60,414","1,158",92,8,"61,780",3,,3781.6250,116.0000,3897.63,7.70,6.18,0.49,0.01,116,0%
2002,CANBERRA,YSCB,CBR,16,"37,340","39,442","5,160",126,"3,808","85,892",11,,2473.0000,41164.0000,43637.00,2.52,8.59,1.28,3.74,"41,164",48%
2002,COFFS HARBOUR,YCFS,CFS,0,"10,372","24,524","1,892",60,542,"37,390",3,,1536.5000,10914.0000,12450.50,2.41,3.74,0.80,1.04,"10,914",29%
2002,DARWIN,YPDN,DRW,"2,146","20,848","46,726","3,944",328,"4,484","78,476",70,,2940.8750,27478.0000,30418.88,23.01,7.85,8.92,2.30,"27,478",35%
2002,ESSENDON,YMEN,MEB,0,"1,114","57,436","9,554",128,186,"68,418",5,,3597.7500,1300.0000,4897.75,10.21,6.84,0.73,0.11,"1,300",2%
2002,GOLD COAST,YBCG,OOL,"1,736","16,656","49,820","13,388",32,326,"81,958",20,,3115.7500,18718.0000,21833.75,9.16,8.20,2.44,1.84,"18,718",23%
2002,HAMILTON ISLAND,YBHM,HTI,0,"2,666","8,616","4,372",6,52,"15,712",2,,538.8750,2718.0000,3256.88,6.14,1.57,1.27,0.27,"2,718",17%
2002,HOBART,YMHB,HBA,6,"10,744","6,178","3,958",200,200,"21,286",20,,398.6250,10950.0000,11348.63,17.62,2.13,9.40,1.08,"10,950",51%
2002,JANDAKOT,YPJT,JAD,10,132,"303,488","10,978",74,52,"314,734",24,,18972.6250,194.0000,19166.63,12.52,31.47,0.76,0.01,194,0%
2002,LAUNCESTON,YMLT,LST,10,"6,186","12,234",608,6,152,"19,196",9,,765.0000,6348.0000,7113.00,12.65,1.92,4.69,0.62,"6,348",33%
2002,MACKAY,YBMK,MKY,0,"7,866","25,880","3,268",16,286,"37,316",14,,1618.5000,8152.0000,9770.50,14.33,3.73,3.75,0.79,"8,152",22%
2002,MELBOURNE,YMML,MEL,"42,650","108,012","4,030",426,76,352,"155,546",38,,256.6250,151014.0000,151270.63,2.51,15.55,2.44,15.07,"151,014",97%
2002,MOORABBIN,YMMB,MBW,0,60,"220,940","31,972",92,38,"253,102",8,,13814.5000,98.0000,13912.50,5.75,25.31,0.32,0.01,98,0%
2002,PARAFIELD,YPPF,no code,0,240,"142,224",498,100,18,"143,080",22,,8895.2500,258.0000,9153.25,24.04,14.31,1.54,0.02,258,0%
2002,PERTH,YPPH,PER,"12,902","48,882","28,102","1,460",134,398,"91,878",16,,1764.7500,62182.0000,63946.75,2.50,9.19,1.74,6.18,"62,182",68%
2002,ROCKHAMPTON,YBRK,ROK,36,"7,630","24,562",956,22,"1,770","34,976",14,,1536.5000,9436.0000,10972.50,12.76,3.50,4.00,0.77,"9,436",27%
2002,SUNSHINE COAST,YBMC,MCY,0,"3,918","31,288","37,730",36,486,"73,458",4,,1957.7500,4404.0000,6361.75,6.29,7.35,0.54,0.39,"4,404",6%
2002,SYDNEY,YSSY,SYD,"71,048","151,476","20,044","8,906",352,678,"252,504",57,,1274.7500,223202.0000,224476.75,2.54,25.25,2.26,22.25,"223,202",88%
2002,TAMWORTH,YSTW,TMW,0,"4,338","88,458",836,122,664,"94,418",15,,5536.2500,5002.0000,10538.25,14.23,9.44,1.59,0.43,"5,002",5%
2002,TOWNSVILLE,YBTL,TSV,124,"16,756","25,522","1,938",332,"9,622","54,294",17,,1615.8750,26502.0000,28117.88,6.05,5.43,3.13,1.69,"26,502",49%
2003,ADELAIDE,YPAD,ADL,"2,010","59,734","34,934","4,052",28,662,"101,420",40,,2185.1250,62406.0000,64591.13,6.19,10.14,3.94,6.17,"62,406",62%
2003,ALBURY,YMAY,ABX,0,"8,052","22,186",448,16,322,"31,024",2,,1387.6250,8374.0000,9761.63,2.05,3.10,0.64,0.81,"8,374",27%
2003,ALICE SPRINGS,YBAS,ASP,22,"8,988","15,478","1,218",28,278,"26,012",11,,969.1250,9288.0000,10257.13,10.72,2.60,4.23,0.90,"9,288",36%
2003,ARCHERFIELD,YBAF,no code,0,28,"127,774","3,844",138,466,"132,250",1,,7994.5000,494.0000,8488.50,1.18,13.23,0.08,0.00,494,0%
2003,BANKSTOWN,YSBK,BWU,4,"1,114","266,712","28,188",262,118,"296,398",14,,16685.8750,1236.0000,17921.88,7.81,29.64,0.47,0.11,"1,236",0%
2003,BRISBANE,YBBN,BNE,"19,388","98,690","20,134",734,228,638,"139,812",79,,1272.6250,118716.0000,119988.63,6.58,13.98,5.65,11.81,"118,716",85%
2003,CAIRNS,YBCS,CNS,"7,988","26,082","55,086","12,638",108,640,"102,542",64,,3449.6250,34710.0000,38159.63,16.77,10.25,6.24,3.41,"34,710",34%
2003,CAMBRIDGE,YCBG,no code,0,2,"15,748","1,006",10,38,"16,804",1,,984.8750,40.0000,1024.88,9.76,1.68,0.60,0.00,40,0%
2003,CAMDEN,YSCN,CDU,0,60,"45,432",656,94,22,"46,264",1,,2845.3750,82.0000,2927.38,3.42,4.63,0.22,0.01,82,0%
2003,CANBERRA,YSCB,CBR,34,"37,202","41,688","4,962",132,"3,432","87,450",9,,2613.7500,40668.0000,43281.75,2.08,8.75,1.03,3.72,"40,668",47%
2003,COFFS HARBOUR,YCFS,CFS,0,"7,146","20,548","2,556",22,316,"30,588",7,,1285.6250,7462.0000,8747.63,8.00,3.06,2.29,0.71,"7,462",24%
2003,DARWIN,YPDN,DRW,"1,752","20,382","41,944","3,490",410,"6,456","74,434",66,,2647.1250,28590.0000,31237.13,21.13,7.44,8.87,2.21,"28,590",38%
2003,ESSENDON,YMEN,MEB,0,"1,368","52,742","9,876",108,146,"64,240",3,,3303.1250,1514.0000,4817.13,6.23,6.42,0.47,0.14,"1,514",2%
2003,GOLD COAST,YBCG,OOL,"2,670","16,002","52,154","16,150",68,370,"87,414",37,,3263.8750,19042.0000,22305.88,16.59,8.74,4.23,1.87,"19,042",22%
2003,HAMILTON ISLAND,YBHM,HTI,0,"3,440","6,458","4,246",18,74,"14,236",2,,404.7500,3514.0000,3918.75,5.10,1.42,1.40,0.34,"3,514",25%
2003,HOBART,YMHB,HBA,8,"11,386","15,664","2,864",14,306,"30,242",19,,979.8750,11700.0000,12679.88,14.98,3.02,6.28,1.14,"11,700",39%
2003,JANDAKOT,YPJT,JAD,0,168,"311,024","13,038",184,48,"324,462",16,,19450.5000,216.0000,19666.50,8.14,32.45,0.49,0.02,216,0%
2003,LAUNCESTON,YMLT,LST,0,"6,534","10,972",498,8,116,"18,128",1,,686.2500,6650.0000,7336.25,1.36,1.81,0.55,0.65,"6,650",37%
2003,MACKAY,YBMK,MKY,0,"8,868","22,102","6,604",26,302,"37,902",8,,1383.0000,9170.0000,10553.00,7.58,3.79,2.11,0.89,"9,170",24%
2003,MELBOURNE,YMML,MEL,"37,444","116,910","3,480",272,112,366,"158,584",38,,224.5000,154720.0000,154944.50,2.45,15.86,2.40,15.44,"154,720",98%
2003,MOORABBIN,YMMB,MBW,10,110,"195,306","40,110",106,36,"235,678",7,,12213.2500,156.0000,12369.25,5.66,23.57,0.30,0.01,156,0%
2003,PARAFIELD,YPPF,no code,0,256,"127,210",624,76,14,"128,180",16,,7955.3750,270.0000,8225.38,19.45,12.82,1.25,0.03,270,0%
2003,PERTH,YPPH,PER,"11,950","53,742","26,016","1,690",108,444,"93,950",36,,1632.7500,66136.0000,67768.75,5.31,9.40,3.83,6.57,"66,136",70%
2003,ROCKHAMPTON,YBRK,ROK,60,"11,766","19,008","1,058",54,"1,576","33,522",40,,1191.3750,13402.0000,14593.38,27.41,3.35,11.93,1.18,"13,402",40%
2003,SUNSHINE COAST,YBMC,MCY,0,"5,426","27,202","25,826",90,438,"58,982",5,,1705.7500,5864.0000,7569.75,6.61,5.90,0.85,0.54,"5,864",10%
2003,SYDNEY,YSSY,SYD,"68,532","160,454","19,292","8,814",480,634,"258,206",74,,1235.7500,229620.0000,230855.75,3.21,25.82,2.87,22.90,"229,620",89%
2003,TAMWORTH,YSTW,TMW,2,"5,264","85,792",806,84,"1,170","93,118",21,,5367.2500,6436.0000,11803.25,17.79,9.31,2.26,0.53,"6,436",7%
2003,TOWNSVILLE,YBTL,TSV,60,"18,818","23,428","1,866",138,"8,364","52,674",23,,1472.8750,27242.0000,28714.88,8.01,5.27,4.37,1.89,"27,242",52%
2004,ADELAIDE,YPAD,ADL,"1,998","63,926","31,144","5,682",24,396,"103,170",70,,1948.0000,66320.0000,68268.00,10.25,10.32,6.78,6.59,"66,320",64%
2004,ALBURY,YMAY,ABX,0,"7,764","23,260",508,14,302,"31,848",10,,1454.6250,8066.0000,9520.63,10.50,3.18,3.14,0.78,"8,066",25%
2004,ALICE SPRINGS,YBAS,ASP,0,"8,370","12,650","1,014",22,232,"22,288",11,,792.0000,8602.0000,9394.00,11.71,2.23,4.94,0.84,"8,602",39%
2004,ARCHERFIELD,YBAF,no code,0,76,"119,510","2,744",144,244,"122,718",3,,7478.3750,320.0000,7798.38,3.85,12.27,0.24,0.01,320,0%
2004,BANKSTOWN,YSBK,BWU,0,702,"206,508","25,860",68,200,"233,338",10,,12911.0000,902.0000,13813.00,7.24,23.33,0.43,0.07,902,0%
2004,BRISBANE,YBBN,BNE,"19,708","112,994","20,828","1,288",142,672,"155,632",81,,1310.6250,133374.0000,134684.63,6.01,15.56,5.20,13.27,"133,374",86%
2004,CAIRNS,YBCS,CNS,"9,264","29,342","41,344","10,192",120,472,"90,734",63,,2591.5000,39078.0000,41669.50,15.12,9.07,6.94,3.86,"39,078",43%
2004,CAMBRIDGE,YCBG,no code,0,4,"15,026",874,4,0,"15,908",0,,939.3750,4.0000,943.38,0.00,1.59,0.00,0.00,4,0%
2004,CAMDEN,YSCN,CDU,0,20,"29,748",236,56,20,"30,080",1,,1862.7500,40.0000,1902.75,5.26,3.01,0.33,0.00,40,0%
2004,CANBERRA,YSCB,CBR,22,"36,322","36,232","3,268",44,"1,862","77,750",20,,2267.2500,38206.0000,40473.25,4.94,7.78,2.57,3.63,"38,206",49%
2004,COFFS HARBOUR,YCFS,CFS,0,"4,968","17,792","3,434",4,376,"26,574",5,,1112.2500,5344.0000,6456.25,7.74,2.66,1.88,0.50,"5,344",20%
2004,DARWIN,YPDN,DRW,"1,260","23,062","41,562","3,606",268,"6,146","75,904",97,,2614.3750,30468.0000,33082.38,29.32,7.59,12.78,2.43,"30,468",40%
2004,ESSENDON,YMEN,MEB,0,"1,368","47,314","10,614",332,198,"59,826",6,,2977.8750,1566.0000,4543.88,13.20,5.98,1.00,0.14,"1,566",3%
2004,GOLD COAST,YBCG,OOL,"1,692","23,276","46,534","16,042",54,356,"87,954",24,,2911.7500,25324.0000,28235.75,8.50,8.80,2.73,2.50,"25,324",29%
2004,HAMILTON ISLAND,YBHM,HTI,0,"3,682","5,468","4,268",12,70,"13,500",5,,342.5000,3752.0000,4094.50,12.21,1.35,3.70,0.37,"3,752",28%
2004,HOBART,YMHB,HBA,4,"13,678","11,354","2,382",0,188,"27,606",10,,709.6250,13870.0000,14579.63,6.86,2.76,3.62,1.37,"13,870",50%
2004,JANDAKOT,YPJT,JAD,0,276,"300,704","13,140",44,30,"314,194",23,,18796.7500,306.0000,19102.75,12.04,31.42,0.73,0.03,306,0%
2004,LAUNCESTON,YMLT,LST,4,"7,568","11,070",300,6,182,"19,130",9,,692.2500,7754.0000,8446.25,10.66,1.91,4.70,0.76,"7,754",41%
2004,MACKAY,YBMK,MKY,2,"9,840","26,676","8,402",6,268,"45,194",31,,1667.6250,10110.0000,11777.63,26.32,4.52,6.86,0.98,"10,110",22%
2004,MELBOURNE,YMML,MEL,"40,534","130,204","3,538",360,68,296,"175,000",73,,225.3750,171034.0000,171259.38,4.26,17.50,4.17,17.07,"171,034",98%
2004,MOORABBIN,YMMB,MBW,0,106,"203,522","25,310",54,18,"229,010",11,,12723.5000,124.0000,12847.50,8.56,22.90,0.48,0.01,124,0%
2004,PARAFIELD,YPPF,no code,0,304,"144,054",620,36,12,"145,026",20,,9005.6250,316.0000,9321.63,21.46,14.50,1.38,0.03,316,0%
2004,PERTH,YPPH,PER,"13,002","58,132","23,736","1,180",132,356,"96,538",46,,1491.7500,71490.0000,72981.75,6.30,9.65,4.76,7.11,"71,490",74%
2004,ROCKHAMPTON,YBRK,ROK,20,"17,164","21,982","1,024",0,554,"40,744",32,,1373.8750,17738.0000,19111.88,16.74,4.07,7.85,1.72,"17,738",44%
2004,SUNSHINE COAST,YBMC,MCY,0,"6,840","25,502","26,066",86,376,"58,870",8,,1599.2500,7216.0000,8815.25,9.08,5.89,1.36,0.68,"7,216",12%
2004,SYDNEY,YSSY,SYD,"70,146","176,564","21,362","8,118",180,430,"276,800",103,,1346.3750,247140.0000,248486.38,4.15,27.68,3.72,24.67,"247,140",89%
2004,TAMWORTH,YSTW,TMW,0,"5,454","92,038","1,020",314,"2,712","101,538",13,,5772.0000,8166.0000,13938.00,9.33,10.15,1.28,0.55,"8,166",8%
2004,TOWNSVILLE,YBTL,TSV,10,"20,046","18,690","1,424",24,"6,760","46,954",39,,1169.6250,26816.0000,27985.63,13.94,4.70,8.31,2.01,"26,816",57%
2005,ADELAIDE,YPAD,ADL,"2,140","65,482","32,606","6,082",38,492,"106,840",70,,2040.2500,68114.0000,70154.25,9.98,10.68,6.55,6.76,"68,114",64%
2005,ALBURY,YMAY,ABX,0,"7,388","21,620",738,18,386,"30,150",10,,1352.3750,7774.0000,9126.38,10.96,3.02,3.32,0.74,"7,774",26%
2005,ALICE SPRINGS,YBAS,ASP,14,"7,756","11,850","1,162",34,244,"21,060",12,,742.7500,8014.0000,8756.75,13.70,2.11,5.70,0.78,"8,014",38%
2005,ARCHERFIELD,YBAF,no code,0,26,"137,726","3,402",78,234,"141,466",5,,8612.7500,260.0000,8872.75,5.64,14.15,0.35,0.00,260,0%
2005,BANKSTOWN,YSBK,BWU,0,980,"244,652","29,854",140,220,"275,846",11,,15299.5000,1200.0000,16499.50,6.67,27.58,0.40,0.10,"1,200",0%
2005,BRISBANE,YBBN,BNE,"21,052","120,912","20,538","1,198",96,742,"164,538",80,,1289.6250,142706.0000,143995.63,5.56,16.45,4.86,14.20,"142,706",87%
2005,CAIRNS,YBCS,CNS,"8,540","31,912","50,572","12,498",56,378,"103,956",104,,3164.2500,40830.0000,43994.25,23.64,10.40,10.00,4.05,"40,830",39%
2005,CAMBRIDGE,YCBG,no code,0,8,"16,108","1,248",106,10,"17,480",0,,1013.3750,18.0000,1031.38,0.00,1.75,0.00,0.00,18,0%
2005,CAMDEN,YSCN,CDU,0,22,"30,930",308,2,16,"31,278",1,,1933.2500,38.0000,1971.25,5.07,3.13,0.32,0.00,38,0%
2005,CANBERRA,YSCB,CBR,104,"33,684","38,170","3,472",24,"1,852","77,306",31,,2387.1250,35640.0000,38027.13,8.15,7.73,4.01,3.38,"35,640",46%
2005,COFFS HARBOUR,YCFS,CFS,0,"5,876","20,298","1,722",54,390,"28,340",13,,1272.0000,6266.0000,7538.00,17.25,2.83,4.59,0.59,"6,266",22%
2005,DARWIN,YPDN,DRW,"2,017","22,896","45,545","2,212",200,"5,054","77,924",118,,2859.0625,29967.0000,32826.06,35.95,7.79,15.14,2.49,"29,967",38%
2005,ESSENDON,YMEN,MEB,0,"1,454","46,522","10,544",40,148,"58,708",7,,2910.1250,1602.0000,4512.13,15.51,5.87,1.19,0.15,"1,602",3%
2005,GOLD COAST,YBCG,OOL,750,"27,352","42,506","22,858",32,298,"93,796",41,,2658.6250,28400.0000,31058.63,13.20,9.38,4.37,2.81,"28,400",30%
2005,HAMILTON ISLAND,YBHM,HTI,0,"3,768","6,222","4,918",10,42,"14,960",9,,389.5000,3810.0000,4199.50,21.43,1.50,6.02,0.38,"3,810",25%
2005,HOBART,YMHB,HBA,0,"14,094","12,964","3,130",6,150,"30,344",27,,810.6250,14244.0000,15054.63,17.93,3.03,8.90,1.41,"14,244",47%
2005,JANDAKOT,YPJT,JAD,0,566,"353,034","18,550",128,22,"372,300",16,,22072.6250,588.0000,22660.63,7.06,37.23,0.43,0.06,588,0%
2005,LAUNCESTON,YMLT,LST,0,"8,876","9,920",248,0,104,"19,148",9,,620.0000,8980.0000,9600.00,9.38,1.91,4.70,0.89,"8,980",47%
2005,MACKAY,YBMK,MKY,0,"11,018","29,512","10,004",48,300,"50,882",23,,1847.5000,11318.0000,13165.50,17.47,5.09,4.52,1.10,"11,318",22%
2005,MELBOURNE,YMML,MEL,"40,406","136,198","3,176",274,32,192,"180,278",74,,200.5000,176796.0000,176996.50,4.18,18.03,4.10,17.66,"176,796",98%
2005,MOORABBIN,YMMB,MBW,0,118,"226,018","38,518",58,22,"264,734",12,,14129.7500,140.0000,14269.75,8.41,26.47,0.45,0.01,140,0%
2005,PARAFIELD,YPPF,no code,0,282,"173,518","3,610",12,10,"177,432",31,,10845.6250,292.0000,11137.63,27.83,17.74,1.75,0.03,292,0%
2005,PERTH,YPPH,PER,"14,382","63,004","22,058","1,816",34,354,"101,648",40,,1380.7500,77740.0000,79120.75,5.06,10.16,3.94,7.74,"77,740",76%
2005,ROCKHAMPTON,YBRK,ROK,40,"18,500","25,112","1,114",18,"1,084","45,868",34,,1570.6250,19624.0000,21194.63,16.04,4.59,7.41,1.85,"19,624",43%
2005,SUNSHINE COAST,YBMC,MCY,0,"7,720","28,504","45,784",98,466,"82,572",7,,1787.6250,8186.0000,9973.63,7.02,8.26,0.85,0.77,"8,186",10%
2005,SYDNEY,YSSY,SYD,"72,658","181,034","18,970","8,502",116,458,"281,738",96,,1192.8750,254150.0000,255342.88,3.76,28.17,3.41,25.37,"254,150",90%
2005,TAMWORTH,YSTW,TMW,0,"5,184","92,710",800,38,"3,032","101,764",10,,5796.7500,8216.0000,14012.75,7.14,10.18,0.98,0.52,"8,216",8%
2005,TOWNSVILLE,YBTL,TSV,38,"21,518","19,020","1,498",282,"5,744","48,100",36,,1206.3750,27300.0000,28506.38,12.63,4.81,7.48,2.16,"27,300",57%
2006,ADELAIDE,YPAD,ADL,"2,452","68,850","23,484","4,032",0,468,"99,286",58,,1467.7500,71770.0000,73237.75,7.92,9.93,5.84,7.13,"71,770",72%
2006,ALBURY,YMAY,ABX,0,"7,878","20,634",784,0,346,"29,642",10,,1289.6250,8224.0000,9513.63,10.51,2.96,3.37,0.79,"8,224",28%
2006,ALICE SPRINGS,YBAS,ASP,32,"9,128","12,722","1,296",0,236,"23,414",14,,795.1250,9396.0000,10191.13,13.74,2.34,5.98,0.92,"9,396",40%
2006,ARCHERFIELD,YBAF,no code,0,90,"126,376","5,168",0,110,"131,744",8,,7898.5000,200.0000,8098.50,9.88,13.17,0.61,0.01,200,0%
2006,AVALON,YMAV,AVV,166,"6,536","2,062",88,0,44,"8,896",5,,128.8750,6746.0000,6874.88,7.27,0.89,5.62,0.67,"6,746",76%
2006,BANKSTOWN,YSBK,BWU,0,"1,022","293,382","28,744",0,158,"323,306",7,,18336.3750,1180.0000,19516.38,3.59,32.33,0.22,0.10,"1,180",0%
2006,BRISBANE,YBBN,BNE,"20,474","124,690","20,028","1,332",0,720,"167,244",86,,1251.7500,145884.0000,147135.75,5.84,16.72,5.14,14.52,"145,884",87%
2006,CAIRNS,YBCS,CNS,"6,978","34,896","53,622","15,230",0,466,"111,192",60,,3351.3750,42340.0000,45691.38,13.13,11.12,5.40,4.19,"42,340",38%
2006,CAMBRIDGE,YCBG,no code,0,0,"17,630","1,476",0,0,"19,106",0,,1101.8750,0.0000,1101.88,0.00,1.91,0.00,0.00,0,0%
2006,CAMDEN,YSCN,CDU,0,18,"22,340",418,0,28,"22,804",1,,1396.2500,46.0000,1442.25,6.93,2.28,0.44,0.00,46,0%
2006,CANBERRA,YSCB,CBR,414,"35,220","40,436","3,196",0,"2,564","81,830",43,,2527.2500,38198.0000,40725.25,10.56,8.18,5.25,3.56,"38,198",47%
2006,COFFS HARBOUR,YCFS,CFS,0,"7,304","16,198","1,936",0,408,"25,846",8,,1012.3750,7712.0000,8724.38,9.17,2.58,3.10,0.73,"7,712",30%
2006,DARWIN,YPDN,DRW,"2,482","25,458","48,180","3,208",0,"3,912","83,240",70,,3011.2500,31852.0000,34863.25,20.08,8.32,8.41,2.79,"31,852",38%
2006,ESSENDON,YMEN,MEB,0,"2,070","44,936","12,126",0,112,"59,244",14,,2808.5000,2182.0000,4990.50,28.05,5.92,2.36,0.21,"2,182",4%
2006,GOLD COAST,YBCG,OOL,286,"27,880","27,158","14,982",0,374,"70,680",34,,1697.3750,28540.0000,30237.38,11.24,7.07,4.81,2.82,"28,540",40%
2006,HAMILTON ISLAND,YBHM,HTI,0,"4,884","5,960","5,262",0,54,"16,160",10,,372.5000,4938.0000,5310.50,18.83,1.62,6.19,0.49,"4,938",31%
2006,HOBART,YMHB,HBA,0,"13,356","13,452","3,520",0,248,"30,576",29,,840.7500,13604.0000,14444.75,20.08,3.06,9.48,1.34,"13,604",44%
2006,JANDAKOT,YPJT,JAD,0,350,"383,488","23,224",0,86,"407,148",30,,23968.0000,436.0000,24404.00,12.29,40.71,0.74,0.04,436,0%
2006,LAUNCESTON,YMLT,LST,24,"9,446","10,724",182,0,184,"20,560",6,,670.2500,9654.0000,10324.25,5.81,2.06,2.92,0.95,"9,654",47%
2006,MACKAY,YBMK,MKY,0,"12,068","30,018","8,940",0,198,"51,224",17,,1876.1250,12266.0000,14142.13,12.02,5.12,3.32,1.21,"12,266",24%
2006,MELBOURNE,YMML,MEL,"37,590","138,560","2,866",278,0,438,"179,732",81,,179.1250,176588.0000,176767.13,4.58,17.97,4.51,17.62,"176,588",98%
2006,MOORABBIN,YMMB,MBW,2,342,"192,148","43,786",0,24,"236,302",7,,12009.2500,368.0000,12377.25,5.66,23.63,0.30,0.03,368,0%
2006,PARAFIELD,YPPF,no code,4,58,"204,772","4,962",0,22,"209,818",16,,12798.2500,84.0000,12882.25,12.42,20.98,0.76,0.01,84,0%
2006,PERTH,YPPH,PER,"16,298","67,500","13,774","1,728",0,260,"99,560",50,,860.8750,84058.0000,84918.88,5.89,9.96,5.02,8.38,"84,058",84%
2006,ROCKHAMPTON,YBRK,ROK,36,"19,908","24,174",948,0,"1,120","46,186",40,,1510.8750,21064.0000,22574.88,17.72,4.62,8.66,1.99,"21,064",46%
2006,SUNSHINE COAST,YBMC,MCY,0,"8,590","28,242","39,762",0,456,"77,050",9,,1765.1250,9046.0000,10811.13,8.32,7.71,1.17,0.86,"9,046",12%
2006,SYDNEY,YSSY,SYD,"70,006","188,666","16,418","7,254",0,814,"283,158",82,,1026.1250,259486.0000,260512.13,3.15,28.32,2.90,25.87,"259,486",92%
2006,TAMWORTH,YSTW,TMW,2,"4,540","95,720","1,022",0,"1,142","102,426",19,,5982.5000,5684.0000,11666.50,16.29,10.24,1.85,0.45,"5,684",6%
2006,TOWNSVILLE,YBTL,TSV,76,"25,248","23,110","1,564",0,"6,162","56,160",35,,1444.3750,31486.0000,32930.38,10.63,5.62,6.23,2.53,"31,486",56%
2007,ADELAIDE,YPAD,ADL,"2,900","71,374","27,930","3,898",0,272,"106,374",54,,1745.6250,74546.0000,76291.63,7.08,10.64,5.08,7.43,"74,546",70%
2007,ALBURY,YMAY,ABX,0,"7,860","20,720","2,160",0,314,"31,054",16,,1295.0000,8174.0000,9469.00,16.90,3.11,5.15,0.79,"8,174",26%
2007,ALICE SPRINGS,YBAS,ASP,28,"8,324","13,984","1,234",0,162,"23,732",15,,874.0000,8514.0000,9388.00,15.98,2.37,6.32,0.84,"8,514",36%
2007,ARCHERFIELD,YBAF,no code,,166,"112,860","4,574",0,102,"117,702",6,,7053.7500,268.0000,7321.75,8.19,11.77,0.51,0.02,268,0%
2007,AVALON,YMAV,AVV,158,"7,248","1,574",14,0,164,"9,158",8,,98.3750,7570.0000,7668.38,10.43,0.92,8.74,0.74,"7,570",83%
2007,BALLINA,YBNA,BNK,N/A,N/A,N/A,N/A,N/A,N/A,10296,11,,#VALUE!,#VALUE!,#VALUE!,#VALUE!,1.03,10.68,#VALUE!,#VALUE!,#VALUE!
2007,BANKSTOWN,YSBK,BWU,2,"1,552","322,194","30,380",0,134,"354,262",8,,20137.1250,1688.0000,21825.13,3.67,35.43,0.23,0.16,"1,688",0%
2007,BRISBANE,YBBN,BNE,"21,904","127,362","21,418","1,574",0,"1,020","173,278",74,,1338.6250,150286.0000,151624.63,4.88,17.33,4.27,14.93,"150,286",87%
2007,CAIRNS,YBCS,CNS,"6,484","37,612","49,302","12,016",0,344,"105,758",91,,3081.3750,44440.0000,47521.38,19.15,10.58,8.60,4.41,"44,440",42%
2007,CAMBRIDGE,YCBG,no code,0,4,"16,694","1,192",0,4,"17,894",0,,1043.3750,8.0000,1051.38,0.00,1.79,0.00,0.00,8,0%
2007,CAMDEN,YSCN,CDU,0,2,"12,302",162,0,4,"12,470",1,,768.8750,6.0000,774.88,12.91,1.25,0.80,0.00,6,0%
2007,CANBERRA,YSCB,CBR,332,"34,798","41,178","1,634",0,"2,846","80,788",37,,2573.6250,37976.0000,40549.63,9.12,8.08,4.58,3.51,"37,976",47%
2007,COFFS HARBOUR,YCFS,CFS,0,"6,454","18,616","3,254",0,306,"28,630",14,,1163.5000,6760.0000,7923.50,17.67,2.86,4.89,0.65,"6,760",24%
2007,DARWIN,YPDN,DRW,"1,994","27,316","53,816","3,950",0,"2,980","90,056",71,,3363.5000,32290.0000,35653.50,19.91,9.01,7.88,2.93,"32,290",36%
2007,ESSENDON,YMEN,MEB,0,"3,374","39,166","11,102",0,160,"53,802",5,,2447.8750,3534.0000,5981.88,8.36,5.38,0.93,0.34,"3,534",7%
2007,GOLD COAST,YBCG,OOL,76,"28,924","27,926","11,218",0,312,"68,456",25,,1745.3750,29312.0000,31057.38,8.05,6.85,3.65,2.90,"29,312",43%
2007,HAMILTON ISLAND,YBHM,HTI,0,"4,800","6,578","5,132",0,26,"16,536",10,,411.1250,4826.0000,5237.13,19.09,1.65,6.05,0.48,"4,826",29%
2007,HOBART,YMHB,HBA,6,"13,124","13,518","3,966",0,264,"30,878",31,,844.8750,13394.0000,14238.88,21.77,3.09,10.04,1.31,"13,394",43%
2007,JANDAKOT,YPJT,JAD,0,354,"349,550","31,762",0,58,"381,724",21,,21846.8750,412.0000,22258.88,9.43,38.17,0.55,0.04,412,0%
2007,LAUNCESTON,YMLT,LST,0,"10,050","9,652",384,0,264,"20,350",8,,603.2500,10314.0000,10917.25,7.33,2.04,3.93,1.01,"10,314",51%
2007,MACKAY,YBMK,MKY,0,"11,524","32,426","7,102",0,178,"51,230",12,,2026.6250,11702.0000,13728.63,8.74,5.12,2.34,1.15,"11,702",23%
2007,MELBOURNE,YMML,MEL,"38,712","138,528","6,630",170,0,452,"184,492",34,,414.3750,177692.0000,178106.38,1.91,18.45,1.84,17.72,"177,692",96%
2007,MOORABBIN,YMMB,MBW,0,118,"267,244","42,938",0,22,"310,322",9,,16702.7500,140.0000,16842.75,5.34,31.03,0.29,0.01,140,0%
2007,PARAFIELD,YPPF,no code,0,52,"228,796","3,068",0,6,"231,922",28,,14299.7500,58.0000,14357.75,19.50,23.19,1.21,0.01,58,0%
2007,PERTH,YPPH,PER,"17,110","72,184","17,910","1,964",0,242,"109,410",38,,1119.3750,89536.0000,90655.38,4.19,10.94,3.47,8.93,"89,536",82%
2007,ROCKHAMPTON,YBRK,ROK,74,"15,414","23,064","1,422",0,"1,258","41,232",19,,1441.5000,16746.0000,18187.50,10.45,4.12,4.61,1.55,"16,746",41%
2007,SUNSHINE COAST,YBMC,MCY,0,"8,924","32,696","45,398",0,442,"87,460",15,,2043.5000,9366.0000,11409.50,13.15,8.75,1.72,0.89,"9,366",11%
2007,SYDNEY,YSSY,SYD,"73,204","191,290","18,756","6,094",0,"1,002","290,346",95,,1172.2500,265496.0000,266668.25,3.56,29.03,3.27,26.45,"265,496",91%
2007,TAMWORTH,YSTW,TMW,0,"4,562","79,162","1,144",0,736,"85,604",17,,4947.6250,5298.0000,10245.63,16.59,8.56,1.99,0.46,"5,298",6%
2007,TOWNSVILLE,YBTL,TSV,46,"25,290","28,052","1,620",0,"5,020","60,028",46,,1753.2500,30356.0000,32109.25,14.33,6.00,7.66,2.53,"30,356",51%
2008,ADELAIDE,YPAD,ADL,"3,118","73,926","23,672","4,120",2,166,"105,004",47,,1479.6250,77210.0000,78689.63,5.97,10.50,4.48,7.70,"77,210",74%
2008,ALBURY,YMAY,ABX,2,"9,310","18,686","3,004",0,196,"31,198",11,,1167.8750,9508.0000,10675.88,10.30,3.12,3.53,0.93,"9,508",30%
2008,ALICE SPRINGS,YBAS,ASP,6,"9,198","15,510","1,338",0,136,"26,188",6,,969.3750,9340.0000,10309.38,5.82,2.62,2.29,0.92,"9,340",36%
2008,ARCHERFIELD,YBAF,no code,0,84,"131,490","4,384",0,160,"136,118",7,,8218.1250,244.0000,8462.13,8.27,13.61,0.51,0.01,244,0%
2008,AVALON,YMAV,AVV,186,"7,582","1,340",66,0,18,"9,192",8,,83.7500,7786.0000,7869.75,10.17,0.92,8.70,0.78,"7,786",85%
2008,BALLINA,YBNA,BNK,N/A,N/A,N/A,N/A,N/A,N/A,15438,8,,#VALUE!,#VALUE!,#VALUE!,#VALUE!,1.54,5.18,#VALUE!,#VALUE!,#VALUE!
2008,BANKSTOWN,YSBK,BWU,6,"2,666","329,918","29,456",6,154,"362,206",12,,20620.2500,2826.0000,23446.25,5.12,36.22,0.33,0.27,"2,826",1%
2008,BRISBANE,YBBN,BNE,"22,992","139,352","18,614",944,4,718,"182,624",115,,1163.6250,163062.0000,164225.63,7.00,18.26,6.30,16.23,"163,062",89%
2008,CAIRNS,YBCS,CNS,"5,460","43,556","38,722","9,546",2,240,"97,526",97,,2420.2500,49256.0000,51676.25,18.77,9.75,9.95,4.90,"49,256",51%
2008,CAMBRIDGE,YCBG,no code,0,6,"14,372","1,256",0,8,"15,642",0,,898.2500,14.0000,912.25,0.00,1.56,0.00,0.00,14,0%
2008,CAMDEN,YSCN,CDU,0,20,"26,538",952,0,2,"27,512",1,,1658.6250,22.0000,1680.63,5.95,2.75,0.36,0.00,22,0%
2008,CANBERRA,YSCB,CBR,350,"43,088","42,480","1,354",26,"2,998","90,296",24,,2656.6250,46436.0000,49092.63,4.89,9.03,2.66,4.34,"46,436",51%
2008,COFFS HARBOUR,YCFS,CFS,0,"6,938","17,588","5,498",0,244,"30,268",8,,1099.2500,7182.0000,8281.25,9.66,3.03,2.64,0.69,"7,182",24%
2008,DARWIN,YPDN,DRW,"1,526","31,120","47,992","4,746",2,"3,120","88,506",85,,2999.6250,35766.0000,38765.63,21.93,8.85,9.60,3.26,"35,766",40%
2008,ESSENDON,YMEN,MEB,0,"3,198","37,642","11,764",4,102,"52,710",8,,2352.8750,3300.0000,5652.88,14.15,5.27,1.52,0.32,"3,300",6%
2008,GOLD COAST,YBCG,OOL,764,"33,792","64,418","42,356",4,166,"141,500",29,,4026.3750,34722.0000,38748.38,7.48,14.15,2.05,3.46,"34,722",25%
2008,HAMILTON ISLAND,YBHM,HTI,0,"4,380","3,426","4,280",0,48,"12,134",6,,214.1250,4428.0000,4642.13,12.93,1.21,4.94,0.44,"4,428",36%
2008,HOBART,YMHB,HBA,12,"14,868","12,186","2,400",0,306,"29,772",23,,761.6250,15186.0000,15947.63,14.42,2.98,7.73,1.49,"15,186",51%
2008,JANDAKOT,YPJT,JAD,0,470,"320,110","36,228",52,60,"356,920",3,,20010.1250,530.0000,20540.13,1.46,35.69,0.08,0.05,530,0%
2008,LAUNCESTON,YMLT,LST,0,"11,416","9,106",228,0,172,"20,922",21,,569.1250,11588.0000,12157.13,17.27,2.09,10.04,1.14,"11,588",55%
2008,MACKAY,YBMK,MKY,0,"14,006","28,588","7,014",0,124,"49,732",12,,1786.7500,14130.0000,15916.75,7.54,4.97,2.41,1.40,"14,130",28%
2008,MELBOURNE,YMML,MEL,"39,576","156,926","2,562",82,0,410,"199,556",88,,160.1250,196912.0000,197072.13,4.47,19.96,4.41,19.65,"196,912",99%
2008,MOORABBIN,YMMB,MBW,0,150,"296,742","53,514",0,20,"350,426",9,,18546.3750,170.0000,18716.38,4.81,35.04,0.26,0.02,170,0%
2008,PARAFIELD,YPPF,no code,0,88,"224,190","12,652",20,2,"236,952",32,,14013.1250,90.0000,14103.13,22.69,23.70,1.35,0.01,90,0%
2008,PERTH,YPPH,PER,"18,924","85,812","10,542","2,048",0,216,"117,542",50,,658.8750,104952.0000,105610.88,4.73,11.75,4.25,10.47,"104,952",89%
2008,ROCKHAMPTON,YBRK,ROK,42,"16,562","19,514","1,786",0,"1,192","39,096",36,,1219.6250,17796.0000,19015.63,18.93,3.91,9.21,1.66,"17,796",46%
2008,SUNSHINE COAST,YBMC,MCY,0,"9,532","30,580","49,340",0,296,"89,748",7,,1911.2500,9828.0000,11739.25,5.96,8.97,0.78,0.95,"9,828",11%
2008,SYDNEY,YSSY,SYD,"73,962","209,170","11,784","5,984",0,852,"301,752",91,,736.5000,283984.0000,284720.50,3.20,30.18,3.02,28.31,"283,984",94%
2008,TAMWORTH,YSTW,TMW,0,"5,048","79,746","1,326",0,518,"86,638",23,,4984.1250,5566.0000,10550.13,21.80,8.66,2.65,0.50,"5,566",6%
2008,TOWNSVILLE,YBTL,TSV,12,"26,416","20,624","1,538",0,"4,164","52,754",46,,1289.0000,30592.0000,31881.00,14.43,5.28,8.72,2.64,"30,592",58%
2009,ADELAIDE,YPAD,ADL,"3,048","72,764","20,892","3,074",0,172,"99,950",77,,1305.7500,75984.0000,77289.75,9.96,10.00,7.70,7.58,"75,984",76%
2009,ALBURY,YMAY,ABX,0,"8,664","17,648","2,108",0,180,"28,600",17,,1103.0000,8844.0000,9947.00,17.09,2.86,5.94,0.87,"8,844",31%
2009,ALICE SPRINGS,YBAS,ASP,0,"8,256","13,414",788,0,112,"22,570",14,,838.3750,8368.0000,9206.38,15.21,2.26,6.20,0.83,"8,368",37%
2009,ARCHERFIELD,YBAF,no code,0,52,"125,352","6,592",0,98,"132,094",18,,7834.5000,150.0000,7984.50,22.54,13.21,1.36,0.01,150,0%
2009,AVALON,YMAV,AVV,140,"5,980","1,144",82,0,74,"7,420",20,,71.5000,6194.0000,6265.50,31.92,0.74,26.95,0.61,"6,194",83%
2009,BALLINA,YBNA,BNK,N/A,N/A,N/A,N/A,N/A,N/A,18094,7,,#VALUE!,#VALUE!,#VALUE!,#VALUE!,1.81,3.87,#VALUE!,#VALUE!,#VALUE!
2009,BANKSTOWN,YSBK,BWU,0,"2,022","312,780","32,394",0,70,"347,266",13,,19548.7500,2092.0000,21640.75,6.01,34.73,0.37,0.20,"2,092",1%
2009,BRISBANE,YBBN,BNE,"22,316","139,388","16,366",808,0,364,"179,242",116,,1022.8750,162068.0000,163090.88,7.11,17.92,6.47,16.17,"162,068",90%
2009,CAIRNS,YBCS,CNS,"2,672","39,876","34,382","8,198",0,196,"85,324",72,,2148.8750,42744.0000,44892.88,16.04,8.53,8.44,4.25,"42,744",50%
2009,CAMBRIDGE,YCBG,no code,0,,"12,452","1,146",0,,"13,598",0,,778.2500,0.0000,778.25,0.00,1.36,0.00,0.00,0,0%
2009,CAMDEN,YSCN,CDU,0,6,"35,326","1,432",0,2,"36,766",1,,2207.8750,8.0000,2215.88,4.51,3.68,0.27,0.00,8,0%
2009,CANBERRA,YSCB,CBR,304,"43,488","34,578","1,364",4,"2,232","81,970",22,,2161.3750,46024.0000,48185.38,4.57,8.20,2.68,4.38,"46,024",56%
2009,COFFS HARBOUR,YCFS,CFS,0,"7,782","15,856","4,890",0,254,"28,782",10,,991.0000,8036.0000,9027.00,11.08,2.88,3.47,0.78,"8,036",28%
2009,DARWIN,YPDN,DRW,"1,338","32,850","44,274","6,480",80,"1,364","86,386",114,,2772.1250,35552.0000,38324.13,29.75,8.64,13.20,3.42,"35,552",41%
2009,ESSENDON,YMEN,MEB,0,"3,838","35,778","14,708",0,128,"54,452",11,,2236.1250,3966.0000,6202.13,17.74,5.45,2.02,0.38,"3,966",7%
2009,GOLD COAST,YBCG,OOL,"2,304","32,072","71,756","27,006",0,152,"133,290",30,,4484.7500,34528.0000,39012.75,7.69,13.33,2.25,3.44,"34,528",26%
2009,HAMILTON ISLAND,YBHM,HTI,0,"4,254","1,974","4,596",0,18,"10,842",5,,123.3750,4272.0000,4395.38,11.38,1.08,4.61,0.43,"4,272",39%
2009,HOBART,YMHB,HBA,6,"14,638","11,472","2,728",0,164,"29,008",22,,717.0000,14808.0000,15525.00,14.17,2.90,7.58,1.46,"14,808",51%
2009,JANDAKOT,YPJT,JAD,0,636,"328,578","29,476",4,56,"358,750",8,,20536.3750,692.0000,21228.38,3.77,35.88,0.22,0.06,692,0%
2009,LAUNCESTON,YMLT,LST,0,"10,598","8,132",306,2,132,"19,170",12,,508.3750,10730.0000,11238.38,10.68,1.92,6.26,1.06,"10,730",56%
2009,MACKAY,YBMK,MKY,0,"14,274","30,496","7,004",2,144,"51,920",25,,1906.1250,14418.0000,16324.13,15.31,5.19,4.82,1.43,"14,418",28%
2009,MELBOURNE,YMML,MEL,"39,836","151,066",536,18,0,408,"191,864",68,,33.5000,191310.0000,191343.50,3.55,19.19,3.54,19.09,"191,310",100%
2009,MOORABBIN,YMMB,MBW,0,72,"262,056","48,408",0,14,"310,550",14,,16378.5000,86.0000,16464.50,8.50,31.06,0.45,0.01,86,0%
2009,PARAFIELD,YPPF,no code,0,304,"225,654","17,562",0,2,"243,522",32,,14103.3750,306.0000,14409.38,22.21,24.35,1.31,0.03,306,0%
2009,PERTH,YPPH,PER,"19,490","89,608","7,550","1,882",0,174,"118,704",39,,471.8750,109272.0000,109743.88,3.55,11.87,3.29,10.91,"109,272",92%
2009,ROCKHAMPTON,YBRK,ROK,52,"18,530","20,076","2,314",0,710,"41,682",39,,1254.7500,19292.0000,20546.75,18.98,4.17,9.36,1.86,"19,292",46%
2009,SUNSHINE COAST,YBMC,MCY,0,"7,796","22,822","48,324",2,190,"79,134",8,,1426.5000,7986.0000,9412.50,8.50,7.91,1.01,0.78,"7,986",10%
2009,SYDNEY,YSSY,SYD,"72,846","200,918","7,736","5,430",0,550,"287,480",123,,483.5000,274314.0000,274797.50,4.48,28.75,4.28,27.38,"274,314",95%
2009,TAMWORTH,YSTW,TMW,0,"4,092","79,740","1,046",0,496,"85,374",12,,4983.7500,4588.0000,9571.75,12.54,8.54,1.41,0.41,"4,588",5%
2009,TOWNSVILLE,YBTL,TSV,28,"25,022","23,424","1,298",0,"2,438","52,210",51,,1464.0000,27488.0000,28952.00,17.62,5.22,9.77,2.51,"27,488",53%
2010,ADELAIDE,YPAD,ADL,"3,410","76,728","17,642","3,684",0,96,"101,560",49,,1102.6250,80234.0000,81336.63,6.02,10.16,4.82,8.01,"80,234",79%
2010,ALBURY,YMAY,ABX,0,"8,190","18,636",806,0,16,"27,648",12,,1164.7500,8206.0000,9370.75,12.81,2.76,4.34,0.82,"8,206",30%
2010,ALICE SPRINGS,YBAS,ASP,4,"8,136","14,914",972,0,24,"24,050",55,,932.1250,8164.0000,9096.13,60.47,2.41,22.87,0.81,"8,164",34%
2010,ARCHERFIELD,YBAF,no code,0,66,"104,406","13,880",0,2,"118,354",9,,6525.3750,68.0000,6593.38,13.65,11.84,0.76,0.01,68,0%
2010,AVALON,YMAV,AVV,220,"5,780","1,236","1,116",0,10,"8,362",20,,77.2500,6010.0000,6087.25,32.86,0.84,23.92,0.60,"6,010",72%
2010,BALLINA,YBNA,BNK,,,,,,,17014,8,,0.0000,0.0000,0.00,#DIV/0!,1.70,4.70,0.00,0,0%
2010,BANKSTOWN,YSBK,BWU,2,"1,814","240,018","34,142",0,2,"275,978",7,,15001.1250,1818.0000,16819.13,4.16,27.60,0.25,0.18,"1,818",1%
2010,BRISBANE,YBBN,BNE,"24,454","144,964","17,644",682,0,212,"187,956",113,,1102.7500,169630.0000,170732.75,6.62,18.80,6.01,16.94,"169,630",90%
2010,CAIRNS,YBCS,CNS,"3,614","41,156","31,050","8,628",0,80,"84,528",85,,1940.6250,44850.0000,46790.63,18.17,8.45,10.06,4.48,"44,850",53%
2010,CAMBRIDGE,YCBG,no code,0,0,"11,740","1,270",0,0,"13,010",0,,733.7500,0.0000,733.75,0.00,1.30,0.00,0.00,0,0%
2010,CAMDEN,YSCN,CDU,0,0,"79,228","4,904",0,0,"84,132",1,,4951.7500,0.0000,4951.75,2.02,8.41,0.12,0.00,0,0%
2010,CANBERRA,YSCB,CBR,306,"42,408","23,066","1,268",0,"1,204","68,252",30,,1441.6250,43918.0000,45359.63,6.61,6.83,4.40,4.27,"43,918",64%
2010,COFFS HARBOUR,YCFS,CFS,6,"8,180","13,508","3,326",0,36,"25,056",10,,844.2500,8222.0000,9066.25,11.03,2.51,3.99,0.82,"8,222",33%
2010,DARWIN,YPDN,DRW,"1,712","32,348","44,200","4,026",0,500,"82,786",95,,2762.5000,34560.0000,37322.50,25.45,8.28,11.48,3.41,"34,560",42%
2010,ESSENDON,YMEN,MEB,0,"4,032","33,832","15,404",0,8,"53,276",5,,2114.5000,4040.0000,6154.50,8.12,5.33,0.94,0.40,"4,040",8%
2010,GOLD COAST,YBCG,OOL,"2,296","36,212","48,362","20,130",0,30,"107,030",50,,3022.6250,38538.0000,41560.63,12.03,10.70,4.67,3.85,"38,538",36%
2010,HAMILTON ISLAND,YBHM,HTI,0,"4,510","2,280","3,522",0,8,"10,320",6,,142.5000,4518.0000,4660.50,12.87,1.03,5.81,0.45,"4,518",44%
2010,HOBART,YMHB,HBA,10,"14,904","11,158","3,666",0,48,"29,786",18,,697.3750,14962.0000,15659.38,11.49,2.98,6.04,1.49,"14,962",50%
2010,JANDAKOT,YPJT,JAD,,724,"264,866","29,912",0,14,"295,516",18,,16554.1250,738.0000,17292.13,10.41,29.55,0.61,0.07,738,0%
2010,LAUNCESTON,YMLT,LST,0,"10,916","8,208",862,0,44,"20,030",11,,513.0000,10960.0000,11473.00,9.59,2.00,5.49,1.09,"10,960",55%
2010,MACKAY,YBMK,MKY,0,"15,214","27,184","7,564",0,38,"50,000",25,,1699.0000,15252.0000,16951.00,14.75,5.00,5.00,1.52,"15,252",31%
2010,MELBOURNE,YMML,MEL,"42,758","161,562",630,40,0,212,"205,202",102,,39.3750,204532.0000,204571.38,4.99,20.52,4.97,20.43,"204,532",100%
2010,MOORABBIN,YMMB,MBW,0,76,"206,868","45,274",0,0,"252,218",11,,12929.2500,76.0000,13005.25,8.46,25.22,0.44,0.01,76,0%
2010,PARAFIELD,YPPF,no code,0,632,"216,224","11,430",0,4,"228,290",35,,13514.0000,636.0000,14150.00,24.73,22.83,1.53,0.06,636,0%
2010,PERTH,YPPH,PER,"21,046","94,916","7,006","1,458",0,214,"124,640",56,,437.8750,116176.0000,116613.88,4.80,12.46,4.49,11.60,"116,176",93%
2010,ROCKHAMPTON,YBRK,ROK,46,"17,970","19,042","2,184",0,46,"39,288",53,,1190.1250,18062.0000,19252.13,27.53,3.93,13.49,1.80,"18,062",46%
2010,SUNSHINE COAST,YBMC,MCY,0,"8,238","20,026","41,374",0,40,"69,678",11,,1251.6250,8278.0000,9529.63,11.54,6.97,1.58,0.82,"8,278",12%
2010,SYDNEY,YSSY,SYD,"73,908","217,000","7,812","5,776",0,442,"304,938",123,,488.2500,291350.0000,291838.25,4.21,30.49,4.03,29.09,"291,350",96%
2010,TAMWORTH,YSTW,TMW,0,"4,268","70,008","1,048",0,94,"75,418",11,,4375.5000,4362.0000,8737.50,12.59,7.54,1.46,0.43,"4,362",6%
2010,TOWNSVILLE,YBTL,TSV,70,"25,594","27,454","1,918",0,188,"55,224",37,,1715.8750,25852.0000,27567.88,13.42,5.52,6.70,2.57,"25,852",47%
2011,ADELAIDE,YPAD,ADL,"3,474","74,538","19,882","3,390",0,194,"101,478",75,,1242.6250,78206.0000,79448.63,9.44,10.15,7.39,7.80,"78,206",77%
2011,ALBURY,YMAY,ABX,0,"8,496","19,712","1,390",0,132,"29,730",13,,1232.0000,8628.0000,9860.00,13.18,2.97,4.37,0.85,"8,628",29%
2011,ALICE SPRINGS,YBAS,ASP,4,"8,050","17,338","1,818",0,204,"27,414",40,,1083.6250,8258.0000,9341.63,42.82,2.74,14.59,0.81,"8,258",30%
2011,ARCHERFIELD,YBAF,no code,0,76,"80,378","38,758",0,100,"119,312",7,,5023.6250,176.0000,5199.63,13.46,11.93,0.59,0.01,176,0%
2011,AVALON,YMAV,AVV,154,"6,152","1,682",728,0,226,"8,942",14,,105.1250,6532.0000,6637.13,21.09,0.89,15.66,0.63,"6,532",73%
2011,BALLINA,YBNA,BNK,N/A,N/A,N/A,N/A,N/A,N/A,26736,11,,#VALUE!,#VALUE!,#VALUE!,#VALUE!,2.67,4.11,#VALUE!,#VALUE!,#VALUE!
2011,BANKSTOWN,YSBK,BWU,0,"1,586","208,226","33,198",0,116,"243,126",6,,13014.1250,1702.0000,14716.13,4.08,24.31,0.25,0.16,"1,702",1%
2011,BRISBANE,YBBN,BNE,"24,394","152,974","20,150",670,0,808,"198,996",133,,1259.3750,178176.0000,179435.38,7.41,19.90,6.68,17.74,"178,176",90%
2011,BROOME,YBRM,BME,0,"7,540","21,358","2,672",0,82,"31,652",16,,1334.8750,7622.0000,8956.88,17.86,3.17,5.05,0.75,"7,622",24%
2011,CAIRNS,YBCS,CNS,"3,152","44,986","33,358","9,138",0,426,"91,060",83,,2084.8750,48564.0000,50648.88,16.39,9.11,9.11,4.81,"48,564",53%
2011,CAMBRIDGE,YCBG,no code,0,0,"9,502","1,474",0,0,"10,976",0,,593.8750,0.0000,593.88,0.00,1.10,0.00,0.00,0,0%
2011,CAMDEN,YSCN,CDU,0,4,"96,830","7,658",0,18,"104,510",0,,6051.8750,22.0000,6073.88,0.00,10.45,0.00,0.00,22,0%
2011,CANBERRA,YSCB,CBR,322,"42,572","14,282",972,0,"2,646","60,794",41,,892.6250,45540.0000,46432.63,8.83,6.08,6.74,4.29,"45,540",75%
2011,COFFS HARBOUR,YCFS,CFS,0,"5,340","18,092","3,588",0,228,"27,248",10,,1130.7500,5568.0000,6698.75,14.93,2.72,3.67,0.53,"5,568",20%
2011,DARWIN,YPDN,DRW,"1,156","36,146","50,744","3,810",0,"3,156","95,012",81,,3171.5000,40458.0000,43629.50,18.57,9.50,8.53,3.73,"40,458",43%
2011,ESSENDON,YMEN,MEB,0,"4,762","32,858","15,878",0,128,"53,626",5,,2053.6250,4890.0000,6943.63,7.20,5.36,0.93,0.48,"4,890",9%
2011,GOLD COAST,YBCG,OOL,"1,976","35,350","38,780","14,858",0,240,"91,204",55,,2423.7500,37566.0000,39989.75,13.75,9.12,6.03,3.73,"37,566",41%
2011,HAMILTON ISLAND,YBHM,HTI,0,"4,416","3,606","3,886",0,62,"11,970",7,,225.3750,4478.0000,4703.38,14.88,1.20,5.85,0.44,"4,478",37%
2011,HOBART,YMHB,HBA,12,"14,546","11,330","4,278",0,252,"30,418",16,,708.1250,14810.0000,15518.13,10.31,3.04,5.26,1.46,"14,810",49%
2011,JANDAKOT,YPJT,JAD,12,650,"236,106","28,986",0,48,"265,802",14,,14756.6250,710.0000,15466.63,9.05,26.58,0.53,0.07,710,0%
2011,KARRATHA,YPKA,KTA,6,"11,416","11,548","9,982",0,16,"32,968",26,,721.7500,11438.0000,12159.75,21.38,3.30,7.89,1.14,"11,438",35%
2011,LAUNCESTON,YMLT,LST,0,"10,798","8,494",980,0,102,"20,374",9,,530.8750,10900.0000,11430.88,7.87,2.04,4.42,1.08,"10,900",53%
2011,MACKAY,YBMK,MKY,0,"14,892","23,362","7,024",0,298,"45,576",21,,1460.1250,15190.0000,16650.13,12.61,4.56,4.61,1.49,"15,190",33%
2011,MELBOURNE,YMML,MEL,"43,296","161,994",636,12,0,346,"206,284",68,,39.7500,205636.0000,205675.75,3.31,20.63,3.30,20.53,"205,636",100%
2011,MOORABBIN,YMMB,MBW,0,52,"224,518","49,492",0,20,"274,082",8,,14032.3750,72.0000,14104.38,5.67,27.41,0.29,0.01,72,0%
2011,PARAFIELD,YPPF,no code,10,708,"197,694","8,538",0,2,"206,952",37,,12355.8750,720.0000,13075.88,28.30,20.70,1.79,0.07,720,0%
2011,PERTH,YPPH,PER,"22,818","103,742","7,678","1,966",0,300,"136,504",79,,479.8750,126860.0000,127339.88,6.20,13.65,5.79,12.66,"126,860",93%
2011,ROCKHAMPTON,YBRK,ROK,60,"12,966","19,464","1,854",0,"2,278","36,622",36,,1216.5000,15304.0000,16520.50,21.79,3.66,9.83,1.30,"15,304",42%
2011,SUNSHINE COAST,YBMC,MCY,0,"6,688","35,498","44,190",0,246,"86,622",6,,2218.6250,6934.0000,9152.63,6.56,8.66,0.69,0.67,"6,934",8%
2011,SYDNEY,YSSY,SYD,"76,090","216,718","9,268","8,088",0,754,"310,918",136,,579.2500,293562.0000,294141.25,4.62,31.09,4.37,29.28,"293,562",94%
2011,TAMWORTH,YSTW,TMW,0,"4,450","67,008",952,0,"1,010","73,420",12,,4188.0000,5460.0000,9648.00,12.44,7.34,1.63,0.45,"5,460",7%
2011,TOWNSVILLE,YBTL,TSV,18,"27,210","32,922","3,704",0,"8,818","72,672",63,,2057.6250,36046.0000,38103.63,16.53,7.27,8.67,2.72,"36,046",50%
2012,ADELAIDE,YPAD,ADL,"3,896","75,624","18,380","2,944",0,252,"101,096",53,,1148.7500,79772.0000,80920.75,6.55,10.11,5.24,7.95,"79,772",79%
2012,ALBURY,YMAY,ABX,0,"8,484","19,420","2,378",0,150,"30,432",14,,1213.7500,8634.0000,9847.75,14.22,3.04,4.60,0.85,"8,634",28%
2012,ALICE SPRINGS,YBAS,ASP,18,"7,270","14,796","1,388",0,170,"23,642",10,,924.7500,7458.0000,8382.75,11.93,2.36,4.23,0.73,"7,458",32%
2012,ARCHERFIELD,YBAF,no code,0,40,"96,736","33,340",0,26,"130,142",3,,6046.0000,66.0000,6112.00,4.91,13.01,0.23,0.00,66,0%
2012,AVALON,YMAV,AVV,114,"3,992",770,498,0,116,"5,490",19,,48.1250,4222.0000,4270.13,44.50,0.55,34.61,0.41,"4,222",77%
2012,BANKSTOWN,YSBK,BWU,0,"1,156","201,178","33,594",0,102,"236,030",8,,12573.6250,1258.0000,13831.63,5.78,23.60,0.34,0.12,"1,258",1%
2012,BRISBANE,YBBN,BNE,"21,532","167,390","19,522",482,0,580,"209,506",107,,1220.1250,189502.0000,190722.13,5.61,20.95,5.11,18.89,"189,502",90%
2012,BROOME,YBRM,BME,2,"8,316","20,404","3,902",0,130,"32,754",13,,1275.2500,8448.0000,9723.25,13.37,3.28,3.97,0.83,"8,448",26%
2012,CAIRNS,YBCS,CNS,"3,008","45,790","38,524","9,760",0,322,"97,404",64,,2407.7500,49120.0000,51527.75,12.42,9.74,6.57,4.88,"49,120",50%
2012,CAMBRIDGE,YCBG,no code,0,14,"13,136",994,0,0,"14,144",0,,821.0000,14.0000,835.00,0.00,1.41,0.00,0.00,14,0%
2012,CAMDEN,YSCN,CDU,0,0,"95,066","10,282",0,44,"105,392",0,,5941.6250,44.0000,5985.63,0.00,10.54,0.00,0.00,44,0%
2012,CANBERRA,YSCB,CBR,290,"40,764","14,772","1,078",0,"2,778","59,682",20,,923.2500,43832.0000,44755.25,4.47,5.97,3.35,4.11,"43,832",73%
2012,COFFS HARBOUR,YCFS,CFS,0,"5,326","16,842","2,098",0,132,"24,398",10,10,1052.6250,5458.0000,6510.63,15.36,2.44,4.10,0.53,"5,458",22%
2012,DARWIN,YPDN,DRW,"1,214","35,076","50,074","4,324",0,"3,732","94,420",87,,3129.6250,40022.0000,43151.63,20.16,9.44,9.21,3.63,"40,022",42%
2012,ESSENDON,YMEN,MEB,0,"4,760","31,302","17,076",0,138,"53,276",6,,1956.3750,4898.0000,6854.38,8.75,5.33,1.13,0.48,"4,898",9%
2012,GOLD COAST,YBCG,OOL,"2,096","35,918","30,488","14,864",0,134,"83,500",45,32,1905.5000,38148.0000,40053.50,11.23,8.35,5.39,3.80,"38,148",46%
2012,HAMILTON ISLAND,YBHM,HTI,6,"3,946","3,486","4,088",0,50,"11,576",2,,217.8750,4002.0000,4219.88,4.74,1.16,1.73,0.40,"4,002",35%
2012,HOBART,YMHB,HBA,16,"15,220","3,876","3,404",0,258,"22,774",12,5,242.2500,15494.0000,15736.25,7.63,2.28,5.27,1.52,"15,494",68%
2012,JANDAKOT,YPJT,JAD,0,980,"222,194","34,068",0,30,"257,272",14,,13887.1250,1010.0000,14897.13,9.40,25.73,0.54,0.10,"1,010",0%
2012,KARRATHA,YPKA,KTA,6,"10,264","8,094","13,172",0,10,"31,546",15,,505.8750,10280.0000,10785.88,13.91,3.15,4.75,1.03,"10,280",33%
2012,LAUNCESTON,YMLT,LST,0,"12,082","7,456",262,0,130,"19,930",17,8,466.0000,12212.0000,12678.00,13.41,1.99,8.53,1.21,"12,212",61%
2012,MACKAY,YBMK,MKY,0,"15,894","17,272","9,584",0,148,"42,898",20,,1079.5000,16042.0000,17121.50,11.68,4.29,4.66,1.59,"16,042",37%
2012,MELBOURNE,YMML,MEL,"43,382","167,118",870,16,0,384,"211,770",51,,54.3750,210884.0000,210938.38,2.42,21.18,2.41,21.05,"210,884",100%
2012,MOORABBIN,YMMB,MBW,0,50,"194,624","40,510",0,12,"235,196",11,,12164.0000,62.0000,12226.00,9.00,23.52,0.47,0.01,62,0%
2012,PARAFIELD,YPPF,no code,0,756,"227,098","11,548",0,14,"239,416",22,,14193.6250,770.0000,14963.63,14.70,23.94,0.92,0.08,770,0%
2012,PERTH,YPPH,PER,"25,830","115,364","5,872","1,872",0,252,"149,190",79,,367.0000,141446.0000,141813.00,5.57,14.92,5.30,14.12,"141,446",95%
2012,ROCKHAMPTON,YBRK,ROK,70,"15,172","19,434","1,938",0,"1,308","37,922",38,34,1214.6250,16550.0000,17764.63,21.39,3.79,10.02,1.52,"16,550",44%
2012,SUNSHINE COAST,YBMC,MCY,0,"7,610","26,826","62,676",0,142,"97,254",2,,1676.6250,7752.0000,9428.63,2.12,9.73,0.21,0.76,"7,752",8%
2012,SYDNEY,YSSY,SYD,"72,296","222,978","9,650","9,184",0,798,"314,906",93,,603.1250,296072.0000,296675.13,3.13,31.49,2.95,29.53,"296,072",94%
2012,TAMWORTH,YSTW,TMW,0,"4,342","58,418",896,0,742,"64,398",19,,3651.1250,5084.0000,8735.13,21.75,6.44,2.95,0.43,"5,084",8%
2012,TOWNSVILLE,YBTL,TSV,6,"27,468","28,266","5,844",0,"8,450","70,034",68,,1766.6250,35924.0000,37690.63,18.04,7.00,9.71,2.75,"35,924",51%
2013,ADELAIDE,YPAD,ADL,4032,77782,18296,3650,0,222,"103,982",40,,1143.5000,82036.0000,83179.50,4.81,10.40,3.85,8.1814,"82,036",79%
2013,ALBURY,YMAY,ABX,0,8346,18070,3482,0,174,"30,072",19,,1129.3750,8520.0000,9649.38,19.69,3.01,6.32,0.8346,"8,520",28%
2013,ALICE SPRINGS,YBAS,ASP,4,7190,14614,2234,0,168,"24,210",8,,913.3750,7362.0000,8275.38,9.67,2.42,3.30,0.7194,"7,362",30%
2013,ARCHERFIELD,YBAF,no code,0,66,82534,41494,0,110,"124,204",11,,5158.3750,176.0000,5334.38,20.62,12.42,0.89,0.0066,176,0%
2013,AVALON,YMAV,AVV,126,3620,1040,702,0,164,"5,652",6,,65.0000,3910.0000,3975.00,15.09,0.57,10.62,0.3746,"3,910",69%
2013,BANKSTOWN,YSBK,BWU,0,1190,174670,39752,0,190,"215,802",15,,10916.8750,1380.0000,12296.88,12.20,21.58,0.70,0.119,"1,380",1%
2013,BRISBANE,YBBN,BNE,23536,179542,18736,338,0,856,"223,008",125,,1171.0000,203934.0000,205105.00,6.09,22.30,5.61,20.3078,"203,934",91%
2013,BROOME,YBRM,BME,2,8070,19084,4394,0,104,"31,654",26,,1192.7500,8176.0000,9368.75,27.75,3.17,8.21,0.8072,"8,176",26%
2013,CAIRNS,YBCS,CNS,3178,47176,31282,10764,0,482,"92,882",95,,1955.1250,50836.0000,52791.13,18.00,9.29,10.23,5.0354,"50,836",55%
2013,CAMBRIDGE,YCBG,no code,0,2,13620,1638,0,0,"15,260",0,,851.2500,2.0000,853.25,0.00,1.53,0.00,0.0002,2,0%
2013,CAMDEN,YSCN,CDU,0,46,84852,8992,0,28,"93,918",1,,5303.2500,74.0000,5377.25,1.86,9.39,0.11,0.0046,74,0%
2013,CANBERRA,YSCB,CBR,234,41682,13088,1182,0,2836,"59,022",31,,818.0000,44752.0000,45570.00,6.80,5.90,5.25,4.1916,"44,752",76%
2013,COFFS HARBOUR,YCFS,CFS,0,6080,17938,3010,0,174,"27,202",9,,1121.1250,6254.0000,7375.13,12.20,2.72,3.31,0.608,"6,254",23%
2013,DARWIN,YPDN,DRW,1192,34704,43860,4838,0,3840,"88,434",155,,2741.2500,39736.0000,42477.25,36.49,8.84,17.53,3.5896,"39,736",45%
2013,ESSENDON,YMEN,MEB,0,4104,32252,16292,0,76,"52,724",8,,2015.7500,4180.0000,6195.75,12.91,5.27,1.52,0.4104,"4,180",8%
2013,GOLD COAST,YBCG,OOL,2296,37390,40074,15226,0,206,"95,192",47,,2504.6250,39892.0000,42396.63,11.09,9.52,4.94,3.9686,"39,892",42%
2013,HAMILTON ISLAND,YBHM,HTI,0,4222,3338,1758,0,48,"9,366",6,,208.6250,4270.0000,4478.63,13.40,0.94,6.41,0.4222,"4,270",46%
2013,HOBART,YMHB,HBA,14,16648,3378,4094,0,272,"24,406",10,,211.1250,16934.0000,17145.13,5.83,2.44,4.10,1.6662,"16,934",69%
2013,JANDAKOT,YPJT,JAD,0,706,210320,34988,0,52,"246,066",8,,13145.0000,758.0000,13903.00,5.75,24.61,0.33,0.0706,758,0%
2013,KARRATHA,YPKA,KTA,2,9994,6832,14628,0,56,"31,512",11,,427.0000,10052.0000,10479.00,10.50,3.15,3.49,0.9996,"10,052",32%
2013,LAUNCESTON,YMLT,LST,0,14592,7358,446,0,144,"22,540",13,,459.8750,14736.0000,15195.88,8.55,2.25,5.77,1.4592,"14,736",65%
2013,MACKAY,YBMK,MKY,0,16020,14356,10950,0,224,"41,550",20,,897.2500,16244.0000,17141.25,11.67,4.16,4.81,1.602,"16,244",39%
2013,MELBOURNE,YMML,MEL,47664,171986,782,0,0,392,"220,824",55,,48.8750,220042.0000,220090.88,2.50,22.08,2.49,21.965,"220,042",100%
2013,MOORABBIN,YMMB,MBW,0,54,189198,35764,0,48,"225,064",10,,11824.8750,102.0000,11926.88,8.38,22.51,0.44,0.0054,102,0%
2013,PARAFIELD,YPPF,no code,0,722,171538,9932,0,0,"182,192",12,,10721.1250,722.0000,11443.13,10.49,18.22,0.66,0.0722,722,0%
2013,PERTH,YPPH,PER,30172,114784,3934,1802,0,176,"150,868",52,,245.8750,145132.0000,145377.88,3.58,15.09,3.45,14.4956,"145,132",96%
2013,ROCKHAMPTON,YBRK,ROK,52,"14,982","15,528","2,500",0,1778,"34,840",51,,970.5000,16812.0000,17782.50,28.68,3.48,14.64,1.5034,"16,812",48%
2013,SUNSHINE COAST,YBMC,MCY,0,6698,22828,52864,0,262,"82,652",3,,1426.7500,6960.0000,8386.75,3.58,8.27,0.36,0.6698,"6,960",8%
2013,SYDNEY,YSSY,SYD,74436,232664,9300,9352,42,906,"326,700",103,,583.8750,308006.0000,308589.88,3.34,32.67,3.15,30.71,"308,006",94%
2013,TAMWORTH,YSTW,TMW,4446,4446,65830,1522,0,856,"77,100",20,,4114.3750,9748.0000,13862.38,14.43,7.71,2.59,0.8892,"9,748",13%
2013,TOWNSVILLE,YBTL,TSV,26970,26970,28856,7456,0,10542,"100,794",75,,1803.5000,64482.0000,66285.50,11.31,10.08,7.44,5.394,"64,482",64%
2013,EAST SALE,YMES,SXE,0,4,76,59,0,"26,487","26,626",9,,4.7500,26491.0000,26495.75,3.40,2.66,3.38,0.00,"26,491",99%
2014,ADELAIDE,YPAD,ADL,3574,80708,18164,4912,0,240,"107,598",63,,1135.2500,84522.0000,85657.25,7.35,10.76,5.86,8.4282,84522,79%
2014,ALBURY,YMAY,ABX,0,8652,25426,7608,0,322,"42,008",13,,1589.1250,8974.0000,10563.13,12.31,4.20,3.09,0.8652,8974,21%
2014,ALICE SPRINGS,YBAS,ASP,34,6818,15686,2854,0,302,"25,694",11,,980.3750,7154.0000,8134.38,13.52,2.57,4.28,0.6852,7154,28%
2014,ARCHERFIELD,YBAF,no code,0,120,74260,62848,0,104,"137,332",9,,4641.2500,224.0000,4865.25,18.50,13.73,0.66,0.012,224,0%
2014,AVALON,YMAV,AVV,108,3618,1038,560,0,128,"5,452",11,,64.8750,3854.0000,3918.88,28.07,0.55,20.18,0.3726,3854,71%
2014,BANKSTOWN,YSBK,BWU,0,1030,186976,39402,0,92,"227,500",6,,11686.0000,1122.0000,12808.00,4.68,22.75,0.26,0.103,1122,0%
2014,BRISBANE,YBBN,BNE,22394,186498,16640,210,0,836,"226,578",124,,1040.0000,209728.0000,210768.00,5.88,22.66,5.47,20.8892,209728,93%
2014,BROOME,YBRM,BME,0,7376,18792,6092,0,88,"32,348",18,,1174.5000,7464.0000,8638.50,20.84,3.23,5.56,0.7376,7464,23%
2014,CAIRNS,YBCS,CNS,3028,46579,29322,15240,0,454,"94,623",101,,1832.6250,50061.0000,51893.63,19.46,9.46,10.67,4.9607,50061,53%
2014,CAMBRIDGE,YCBG,no code,0,0,22644,1672,0,0,"24,316",0,,1415.2500,0.0000,1415.25,7.07,2.43,0.41,0,0,0%
2014,CAMDEN,YSCN,CDU,0,116,89248,9074,0,12,"98,450",1,,5578.0000,128.0000,5706.00,57.83,9.85,3.35,0.0116,128,0%
2014,CANBERRA,YSCB,CBR,160,39900,17256,600,0,2802,"60,718",33,,1078.5000,42862.0000,43940.50,5.01,6.07,3.62,4.006,42862,71%
2014,COFFS HARBOUR,YCFS,CFS,0,5608,17276,3030,0,312,"26,226",22,,1079.7500,5920.0000,6999.75,118.58,2.62,31.65,0.5608,5920,23%
2014,DARWIN,YPDN,DRW,796,34218,44676,5796,0,7204,"92,690",83,,2792.2500,42218.0000,45010.25,1.33,9.27,0.65,3.5014,42218,46%
2014,ESSENDON,YMEN,MEB,0,3912,32800,17846,0,106,"54,664",6,,2050.0000,4018.0000,6068.00,100.53,5.47,11.16,0.3912,4018,7%
2014,GOLD COAST,YBCG,OOL,2088,37780,41696,16488,0,192,"98,244",61,,2606.0000,40060.0000,42666.00,0.23,9.82,6.21,3.9868,40060,41%
2014,HAMILTON ISLAND,YBHM,HTI,0,4472,4526,1330,0,50,"10,378",1,,282.8750,4522.0000,4804.88,39.54,1.04,18.31,0.4472,4522,44%
2014,HOBART,YMHB,HBA,8,17000,3148,4936,0,468,"25,560",19,,196.7500,17476.0000,17672.75,7.92,2.56,5.48,1.7008,17476,68%
2014,JANDAKOT,YPJT,JAD,0,1210,214128,37680,0,50,"253,068",14,,13383.0000,1260.0000,14643.00,11.61,25.31,0.67,0.121,1260,0%
2014,KARRATHA,YPKA,KTA,2,1156,6016,15170,0,66,"22,410",17,,376.0000,1224.0000,1600.00,118.75,2.24,8.48,0.1158,1224,5%
2014,LAUNCESTON,YMLT,LST,0,13978,7392,524,0,266,"22,160",19,,462.0000,14244.0000,14706.00,16.32,2.22,10.83,1.3978,14244,64%
2014,MACKAY,YBMK,MKY,0,14960,11774,10696,0,278,"37,708",24,,735.8750,15238.0000,15973.88,54.46,3.77,23.07,1.496,15238,40%
2014,MELBOURNE,YMML,MEL,46664,180554,806,0,0,310,"228,334",87,,50.3750,227528.0000,227578.38,0.40,22.83,0.39,22.7218,227528,100%
2014,MOORABBIN,YMMB,MBW,0,78,199048,36346,0,30,"235,502",9,,12440.5000,108.0000,12548.50,14.34,23.55,0.76,0.0078,108,0%
2014,PARAFIELD,YPPF,no code,0,750,184780,11970,0,22,"197,522",18,,11548.7500,772.0000,12320.75,52.76,19.75,3.29,0.075,772,0%
2014,PERTH,YPPH,PER,30632,111774,6412,678,0,414,"149,910",65,,400.7500,142820.0000,143220.75,2.93,14.99,2.80,14.2406,142820,95%
2014,ROCKHAMPTON,YBRK,ROK,44,"14,308","15,606","1,766",0,986,"32,710",42,26,975.3750,15338.0000,16313.38,6.74,3.27,3.36,1.4352,"15,338",47%
2014,SUNSHINE COAST,YBMC,MCY,0,6734,24332,62086,0,302,"93,454",11,,1520.7500,7036.0000,8556.75,146.08,9.35,13.38,0.6734,7036,8%
2014,SYDNEY,YSSY,SYD,70302,239478,7362,11726,0,720,"329,588",125,,460.1250,310500.0000,310960.13,0.39,32.96,0.36,30.978,310500,94%
2014,TAMWORTH,YSTW,TMW,0,3934,65980,1670,2,2800,"74,386",12,,4123.8750,6734.0000,10857.88,41.44,7.44,6.05,0.3934,6734,9%
2014,TOWNSVILLE,YBTL,TSV,10,25348,22858,8858,0,11884,"68,958",45,,1428.6250,37242.0000,38670.63,16.29,6.90,9.14,2.5358,37242,54%
2015,ADELAIDE,YPAD,ADL,"2,716","80,996","18,020","4,606",,292,"106,630",63,,1126.2500,84004.0000,85130.25,7.40,10.66,5.91,8.3712,84004,79%
2015,ALBURY,YMAY,ABX,,"8,000","23,982","6,372",,412,"38,766",13,,1498.8750,8412.0000,9910.88,13.12,3.88,3.35,0.8,8412,22%
2015,ALICE SPRINGS,YBAS,ASP,16,"6,892","15,120","1,740",,352,"24,120",10,,945.0000,7260.0000,8205.00,12.19,2.41,4.15,0.6908,7260,30%
2015,ARCHERFIELD,YBAF,no code,,140,"92,840","40,822",,70,"133,872",6,,5802.5000,210.0000,6012.50,9.98,13.39,0.45,0.014,210,0%
2015,AVALON,YMAV,AVV,50,"4,380","1,524","1,140",,548,"7,642",13,,95.2500,4978.0000,5073.25,25.62,0.76,17.01,0.443,4978,65%
2015,BANKSTOWN,YSBK,BWU,0,908,"179,982","39,172",,104,"220,166",10,,11248.8750,1012.0000,12260.88,8.16,22.02,0.45,0.0908,1012,0%
2015,BRISBANE,YBBN,BNE,"18,810","185,670","14,290",634,,750,"220,154",103,,893.1250,205230.0000,206123.13,5.00,22.02,4.68,20.448,205230,93%
2015,BROOME,YBRM,BME,,"6,772","16,242","6,256",,154,"29,424",8,,1015.1250,6926.0000,7941.13,10.07,2.94,2.72,0.6772,6926,24%
2015,CAIRNS,YBCS,CNS,"2,556","47,464","31,054","22,292",,368,"103,734",122,,1940.8750,50388.0000,52328.88,23.31,10.37,11.76,5.002,50388,49%
2015,CAMBRIDGE,YCBG,no code,,,"23,424","1,836",,,"25,260",0,,1464.0000,0.0000,1464.00,0.00,2.53,0.00,0,0,0%
2015,CAMDEN,YSCN,CDU,,2,"89,736","8,656",,12,"98,406",0,,5608.5000,14.0000,5622.50,0.00,9.84,0.00,0.0002,14,0%
2015,CANBERRA,YSCB,CBR,16,"38,772","18,136",634,,"2,756","60,314",33,,1133.5000,41544.0000,42677.50,7.73,6.03,5.47,3.8788,41544,69%
2015,COFFS HARBOUR,YCFS,CFS,,"5,790","12,602","1,990",,192,"20,574",12,,787.6250,5982.0000,6769.63,17.73,2.06,5.83,0.579,5982,29%
2015,DARWIN,YPDN,DRW,78,"32,422","43,498","3,740",,"6,796","86,534",106,,2718.6250,39296.0000,42014.63,25.23,8.65,12.25,3.25,39296,45%
2015,ESSENDON,YMEN,MEB,,"4,602","31,724","17,690",,132,"54,148",2,,1982.7500,4734.0000,6716.75,2.98,5.41,0.37,0.4602,4734,9%
2015,GOLD COAST,YBCG,OOL,"1,760","39,182","36,290","10,954",,170,"88,356",62,,2268.1250,41112.0000,43380.13,14.29,8.84,7.02,4.0942,41112,47%
2015,HAMILTON ISLAND,YBHM,HTI,,"4,712","5,208",468,,56,"10,444",3,,325.5000,4768.0000,5093.50,5.89,1.04,2.87,0.4712,4768,46%
2015,HOBART,YMHB,HBA,,"17,646","3,286","6,002",,452,"27,386",12,,205.3750,18098.0000,18303.38,6.56,2.74,4.38,1.7646,18098,66%
2015,JANDAKOT,YPJT,JAD,0,"1,864","177,682","43,200",,128,"222,874",14,,11105.1250,1992.0000,13097.13,10.69,22.29,0.63,0.1864,1992,1%
2015,KARRATHA,YPKA,KTA,,"11,488","4,620","14,392",,12,"30,512",8,,288.7500,11500.0000,11788.75,6.79,3.05,2.62,1.1488,11500,38%
2015,LAUNCESTON,YMLT,LST,,"13,944","6,204",366,,236,"20,750",7,,387.7500,14180.0000,14567.75,4.81,2.08,3.37,1.3944,14180,68%
2015,MACKAY,YBMK,MKY,,"13,588","8,760","9,566",,208,"32,122",17,,547.5000,13796.0000,14343.50,11.85,3.21,5.29,1.3588,13796,43%
2015,MELBOURNE,YMML,MEL,"42,246","191,990",832,0,,246,"235,314",75,,52.0000,234482.0000,234534.00,3.20,23.53,3.19,23.4236,234482,100%
2015,MOORABBIN,YMMB,MBW,,224,"201,602","40,688",2,26,"242,542",13,,12600.2500,250.0000,12850.25,10.12,24.25,0.54,0.0224,250,0%
2015,PARAFIELD,YPPF,no code,,676,"220,668","14,038",,2,"235,384",13,,13791.7500,678.0000,14469.75,8.98,23.54,0.55,0.0676,678,0%
2015,PERTH,YPPH,PER,"29,574","104,974","2,972","1,040",,168,"138,728",35,,185.7500,134716.0000,134901.75,2.59,13.87,2.52,13.4548,134716,97%
2015,ROCKHAMPTON,YBRK,ROK,44,"12,576","12,370","2,288",,"1,926","29,204",36,,773.1250,14546.0000,15319.13,23.50,2.92,12.33,1.262,14546,50%
2015,SUNSHINE COAST,YBMC,MCY,,"6,878","20,256","36,766",,320,"64,220",2,,1266.0000,7198.0000,8464.00,2.36,6.42,0.31,0.6878,7198,11%
2015,SYDNEY,YSSY,SYD,"61,916","253,470","7,096","13,754",,722,"336,958",112,,443.5000,316108.0000,316551.50,3.54,33.70,3.32,31.5386,316108,94%
2015,TAMWORTH,YSTW,TMW,,"4,814","67,210","2,328",102,"2,316","76,770",9,,4207.0000,7130.0000,11337.00,7.94,7.68,1.17,0.4814,7130,9%
2015,TOWNSVILLE,YBTL,TSV,4,"24,086","23,322","8,056",,"11,146","66,614",45,,1457.6250,35236.0000,36693.63,12.26,6.66,6.76,2.409,35236,53%